pais,keyword,intencion,idioma,tipo_pagina,dificultad_estimada,volumen,fuente_volumen,evidencia_demanda,prioridad,notas
GLOBAL,HGW,navegacional,es,/que-es-hgw/,Baja,UNKNOWN,pendiente GSC,Marca conocida; competidores posicionan,1,Keyword de marca — debe ser nuestra
GLOBAL,que es HGW,informacional,es,/que-es-hgw/,Baja,UNKNOWN,pendiente GSC,,1,AEO: respuesta directa
GLOBAL,Health Green World,navegacional,es,/que-es-hgw/,Baja,UNKNOWN,pendiente GSC,,1,Nombre completo de marca
GLOBAL,productos HGW,comercial,es,/productos/,Baja,UNKNOWN,pendiente GSC,,1,Hub de catálogo
GLOBAL,jabon de turmalina,informacional,es,/productos/jabon-de-turmalina/,Media,UNKNOWN,pendiente GSC,Existe intencion informativa clara,1,
GLOBAL,para que sirve el jabon de turmalina,informacional,es,/productos/jabon-de-turmalina/,Media,UNKNOWN,pendiente GSC,,2,AEO
GLOBAL,toallas higienicas de turmalina,comercial,es,/productos/toallas-higienicas/,Media,UNKNOWN,pendiente GSC,,2,
GLOBAL,beneficios de la turmalina,informacional,es,/ciencia/,Media,UNKNOWN,pendiente GSC,,2,
GLOBAL,iones negativos que son,informacional,es,/ciencia/,Media,UNKNOWN,pendiente GSC,,3,AEO
GLOBAL,que son los dulces de arandano,informacional,es,/productos/dulces-de-arandano/,Baja,UNKNOWN,pendiente GSC,,3,
GLOBAL,crema dental sin fluor,comercial,es,/productos/crema-dental/,Alta,UNKNOWN,pendiente GSC,Competitivo,3,
Colombia,HGW Colombia,local,es-CO,/paises/colombia/,Media,UNKNOWN,pendiente GSC,,1,Mercado base
Colombia,comprar productos HGW Colombia,transaccional,es-CO,/paises/colombia/,Baja,UNKNOWN,pendiente GSC,,1,
Colombia,distribuidor HGW Colombia,transaccional,es-CO,/como-ser-distribuidor/,Media,UNKNOWN,pendiente GSC,,1,
Colombia,HGW Bogota,local,es-CO,/paises/colombia/bogota/,Baja,UNKNOWN,pendiente GSC,,2,
Colombia,HGW Medellin,local,es-CO,/paises/colombia/medellin/,Baja,UNKNOWN,pendiente GSC,,2,Contenido unico ya existe
Peru,HGW Peru,local,es-PE,/paises/peru/,Media,UNKNOWN,pendiente GSC,Mercado validado oficialmente,1,
Peru,productos HGW Peru,transaccional,es-PE,/paises/peru/,Baja,UNKNOWN,pendiente GSC,,1,
Peru,distribuidor HGW Peru,transaccional,es-PE,/paises/peru/,Media,UNKNOWN,pendiente GSC,,2,
Mexico,HGW Mexico,local,es-MX,/paises/mexico/,Media,UNKNOWN,pendiente GSC,healthgreenworld.com.mx activo,1,
Mexico,productos HGW Mexico,transaccional,es-MX,/paises/mexico/,Media,UNKNOWN,pendiente GSC,,1,
Ecuador,HGW Ecuador,local,es-EC,/paises/ecuador/,Media,UNKNOWN,pendiente GSC,,2,
Bolivia,HGW Bolivia,local,es-BO,/paises/bolivia/,Baja,UNKNOWN,pendiente GSC,,2,
Chile,HGW Chile,local,es-CL,/paises/chile/,Media,UNKNOWN,pendiente GSC,,2,
Panama,HGW Panama,local,es-PA,/paises/panama/,Baja,UNKNOWN,pendiente GSC,,3,
Costa Rica,HGW Costa Rica,local,es-CR,/paises/costa-rica/,Baja,UNKNOWN,pendiente GSC,,3,
Guatemala,HGW Guatemala,local,es-GT,/paises/guatemala/,Baja,UNKNOWN,pendiente GSC,,3,
El Salvador,HGW El Salvador,local,es-SV,/paises/el-salvador/,Baja,UNKNOWN,pendiente GSC,,3,
Paraguay,HGW Paraguay,local,es-PY,/paises/paraguay/,Baja,UNKNOWN,pendiente GSC,,3,
Republica Dominicana,HGW Republica Dominicana,local,es-DO,/paises/republica-dominicana/,Baja,UNKNOWN,pendiente GSC,hgw.do activo,3,
NO CREAR,HGW Argentina,local,es-AR,-,-,UNKNOWN,pendiente GSC,Sin evidencia de operacion,-,NO crear pagina
NO CREAR,HGW Uruguay,local,es-UY,-,-,UNKNOWN,pendiente GSC,Sin evidencia,-,NO crear pagina
NO CREAR,HGW Honduras,local,es-HN,-,-,UNKNOWN,pendiente GSC,Sin evidencia,-,NO crear pagina
NO CREAR,HGW Nicaragua,local,es-NI,-,-,UNKNOWN,pendiente GSC,Sin evidencia,-,NO crear pagina
NO CREAR,HGW Venezuela,local,es-VE,-,-,UNKNOWN,pendiente GSC,Requiere investigacion separada,-,NO crear pagina
FASE 2,HGW Espana,local,es-ES,-,-,UNKNOWN,pendiente,Mercado en plataforma oficial,-,BLOQUEADO hasta auditoria UE
